{"cameraMode":{"drawMode":0,"name":"Shaded","section":"Shading Mode"},"sceneLighting":true,"audioPlay":false,"sceneViewState":{"showFog":true,"showMaterialUpdate":false,"showSkybox":true,"showFlares":true,"showImageEffects":true,"showParticleSystems":true},"in2DMode":false,"pivot":{"x":1.518399715423584,"y":6.21198844909668,"z":3.5283432006835939},"rotation":{"x":-0.21187914907932282,"y":-0.24728189408779145,"z":0.05548948794603348,"w":-0.9438908696174622},"size":18.807153701782228,"orthographic":false}