{"cameraMode":{"drawMode":0,"name":"Shaded","section":"Shading Mode"},"sceneLighting":false,"audioPlay":false,"sceneViewState":{"showFog":true,"showMaterialUpdate":false,"showSkybox":false,"showFlares":true,"showImageEffects":true,"showParticleSystems":true},"in2DMode":false,"pivot":{"x":1.1183698177337647,"y":0.16880476474761964,"z":-9.343050003051758},"rotation":{"x":-0.12377090752124787,"y":-0.7479706406593323,"z":0.1456412971019745,"w":-0.6356415748596191},"size":3.876851797103882,"orthographic":false}