{"cameraMode":{"drawMode":0,"name":"Shaded","section":"Shading Mode"},"sceneLighting":false,"audioPlay":false,"sceneViewState":{"showFog":true,"showMaterialUpdate":false,"showSkybox":false,"showFlares":true,"showImageEffects":true,"showParticleSystems":true},"in2DMode":false,"pivot":{"x":1.1293818950653077,"y":0.9551818370819092,"z":-0.10099494457244873},"rotation":{"x":-0.40394484996795657,"y":-0.4480292499065399,"z":0.23772013187408448,"w":-0.7613350749015808},"size":3.186307191848755,"orthographic":false}