{"cameraMode":{"drawMode":0,"name":"Shaded","section":"Shading Mode"},"sceneLighting":false,"audioPlay":false,"sceneViewState":{"showFog":true,"showMaterialUpdate":false,"showSkybox":false,"showFlares":true,"showImageEffects":true,"showParticleSystems":true},"in2DMode":false,"pivot":{"x":6.130000114440918,"y":4.230000019073486,"z":-12.729999542236329},"rotation":{"x":-0.12994350492954255,"y":-0.7715590596199036,"z":0.16712450981140138,"w":-0.5999137163162231},"size":7.999320030212402,"orthographic":false}